"RTFparam","df","LRTstat","pVal"
"alpha",2,214.143735268361,3.15703007676871e-47
"gamma",2,210.076298602649,2.41274469339445e-46
"A",2,1.99253001653688e-06,0.999999003735488
"B",2,535.490403911152,5.24488819289239e-117
"tau",2,534.22122411916,9.8931620920218e-117
